,Name,Image Path,Mask Path
0,image_2017_04_10_08_00_00_cam_109bL.pkl,dataset/images/image_2017_04_10_08_00_00_cam_109bL.pkl,dataset/masks/image_2017_04_10_08_00_00_cam_109bL.pkl
1,image_2017_04_10_08_00_00_cam_110bL.pkl,dataset/images/image_2017_04_10_08_00_00_cam_110bL.pkl,dataset/masks/image_2017_04_10_08_00_00_cam_110bL.pkl
2,image_2017_04_10_08_00_00_cam_111bL.pkl,dataset/images/image_2017_04_10_08_00_00_cam_111bL.pkl,dataset/masks/image_2017_04_10_08_00_00_cam_111bL.pkl
3,image_2017_04_10_08_00_00_cam_113L.pkl,dataset/images/image_2017_04_10_08_00_00_cam_113L.pkl,dataset/masks/image_2017_04_10_08_00_00_cam_113L.pkl
4,image_2017_04_10_08_00_00_cam_114bL.pkl,dataset/images/image_2017_04_10_08_00_00_cam_114bL.pkl,dataset/masks/image_2017_04_10_08_00_00_cam_114bL.pkl
5,image_2017_04_10_08_00_00_cam_115bL.pkl,dataset/images/image_2017_04_10_08_00_00_cam_115bL.pkl,dataset/masks/image_2017_04_10_08_00_00_cam_115bL.pkl
6,image_2017_04_10_08_00_00_cam_116L.pkl,dataset/images/image_2017_04_10_08_00_00_cam_116L.pkl,dataset/masks/image_2017_04_10_08_00_00_cam_116L.pkl
7,image_2017_04_10_08_00_00_cam_117L.pkl,dataset/images/image_2017_04_10_08_00_00_cam_117L.pkl,dataset/masks/image_2017_04_10_08_00_00_cam_117L.pkl
8,image_2017_04_10_08_00_00_cam_119L.pkl,dataset/images/image_2017_04_10_08_00_00_cam_119L.pkl,dataset/masks/image_2017_04_10_08_00_00_cam_119L.pkl
9,image_2017_04_10_08_10_00_cam_109bL.pkl,dataset/images/image_2017_04_10_08_10_00_cam_109bL.pkl,dataset/masks/image_2017_04_10_08_10_00_cam_109bL.pkl
10,image_2017_04_10_08_10_00_cam_110bL.pkl,dataset/images/image_2017_04_10_08_10_00_cam_110bL.pkl,dataset/masks/image_2017_04_10_08_10_00_cam_110bL.pkl
11,image_2017_04_10_08_10_00_cam_111bL.pkl,dataset/images/image_2017_04_10_08_10_00_cam_111bL.pkl,dataset/masks/image_2017_04_10_08_10_00_cam_111bL.pkl
12,image_2017_04_10_08_10_00_cam_113L.pkl,dataset/images/image_2017_04_10_08_10_00_cam_113L.pkl,dataset/masks/image_2017_04_10_08_10_00_cam_113L.pkl
13,image_2017_04_10_08_10_00_cam_114bL.pkl,dataset/images/image_2017_04_10_08_10_00_cam_114bL.pkl,dataset/masks/image_2017_04_10_08_10_00_cam_114bL.pkl
14,image_2017_04_10_08_10_00_cam_115bL.pkl,dataset/images/image_2017_04_10_08_10_00_cam_115bL.pkl,dataset/masks/image_2017_04_10_08_10_00_cam_115bL.pkl
15,image_2017_04_10_08_10_00_cam_116L.pkl,dataset/images/image_2017_04_10_08_10_00_cam_116L.pkl,dataset/masks/image_2017_04_10_08_10_00_cam_116L.pkl
16,image_2017_04_10_08_10_00_cam_117L.pkl,dataset/images/image_2017_04_10_08_10_00_cam_117L.pkl,dataset/masks/image_2017_04_10_08_10_00_cam_117L.pkl
17,image_2017_04_10_08_10_00_cam_119L.pkl,dataset/images/image_2017_04_10_08_10_00_cam_119L.pkl,dataset/masks/image_2017_04_10_08_10_00_cam_119L.pkl
18,image_2017_04_10_08_20_00_cam_109bL.pkl,dataset/images/image_2017_04_10_08_20_00_cam_109bL.pkl,dataset/masks/image_2017_04_10_08_20_00_cam_109bL.pkl
19,image_2017_04_10_08_20_00_cam_110bL.pkl,dataset/images/image_2017_04_10_08_20_00_cam_110bL.pkl,dataset/masks/image_2017_04_10_08_20_00_cam_110bL.pkl
20,image_2017_04_10_08_20_00_cam_111bL.pkl,dataset/images/image_2017_04_10_08_20_00_cam_111bL.pkl,dataset/masks/image_2017_04_10_08_20_00_cam_111bL.pkl
21,image_2017_04_10_08_20_00_cam_113L.pkl,dataset/images/image_2017_04_10_08_20_00_cam_113L.pkl,dataset/masks/image_2017_04_10_08_20_00_cam_113L.pkl
22,image_2017_04_10_08_20_00_cam_114bL.pkl,dataset/images/image_2017_04_10_08_20_00_cam_114bL.pkl,dataset/masks/image_2017_04_10_08_20_00_cam_114bL.pkl
23,image_2017_04_10_08_20_00_cam_115bL.pkl,dataset/images/image_2017_04_10_08_20_00_cam_115bL.pkl,dataset/masks/image_2017_04_10_08_20_00_cam_115bL.pkl
24,image_2017_04_10_08_20_00_cam_116L.pkl,dataset/images/image_2017_04_10_08_20_00_cam_116L.pkl,dataset/masks/image_2017_04_10_08_20_00_cam_116L.pkl
25,image_2017_04_10_08_20_00_cam_117L.pkl,dataset/images/image_2017_04_10_08_20_00_cam_117L.pkl,dataset/masks/image_2017_04_10_08_20_00_cam_117L.pkl
26,image_2017_04_10_08_20_00_cam_119L.pkl,dataset/images/image_2017_04_10_08_20_00_cam_119L.pkl,dataset/masks/image_2017_04_10_08_20_00_cam_119L.pkl
27,image_2017_04_10_08_30_00_cam_109bL.pkl,dataset/images/image_2017_04_10_08_30_00_cam_109bL.pkl,dataset/masks/image_2017_04_10_08_30_00_cam_109bL.pkl
28,image_2017_04_10_08_30_00_cam_111bL.pkl,dataset/images/image_2017_04_10_08_30_00_cam_111bL.pkl,dataset/masks/image_2017_04_10_08_30_00_cam_111bL.pkl
29,image_2017_04_10_08_30_00_cam_113L.pkl,dataset/images/image_2017_04_10_08_30_00_cam_113L.pkl,dataset/masks/image_2017_04_10_08_30_00_cam_113L.pkl
30,image_2017_04_10_08_30_00_cam_114bL.pkl,dataset/images/image_2017_04_10_08_30_00_cam_114bL.pkl,dataset/masks/image_2017_04_10_08_30_00_cam_114bL.pkl
31,image_2017_04_10_08_30_00_cam_115bL.pkl,dataset/images/image_2017_04_10_08_30_00_cam_115bL.pkl,dataset/masks/image_2017_04_10_08_30_00_cam_115bL.pkl
32,image_2017_04_10_08_30_00_cam_116L.pkl,dataset/images/image_2017_04_10_08_30_00_cam_116L.pkl,dataset/masks/image_2017_04_10_08_30_00_cam_116L.pkl
33,image_2017_04_10_08_30_00_cam_117L.pkl,dataset/images/image_2017_04_10_08_30_00_cam_117L.pkl,dataset/masks/image_2017_04_10_08_30_00_cam_117L.pkl
34,image_2017_04_10_08_30_00_cam_119L.pkl,dataset/images/image_2017_04_10_08_30_00_cam_119L.pkl,dataset/masks/image_2017_04_10_08_30_00_cam_119L.pkl
35,image_2017_04_10_09_00_00_cam_109bL.pkl,dataset/images/image_2017_04_10_09_00_00_cam_109bL.pkl,dataset/masks/image_2017_04_10_09_00_00_cam_109bL.pkl
36,image_2017_04_10_09_00_00_cam_110bL.pkl,dataset/images/image_2017_04_10_09_00_00_cam_110bL.pkl,dataset/masks/image_2017_04_10_09_00_00_cam_110bL.pkl
37,image_2017_04_10_09_00_00_cam_111bL.pkl,dataset/images/image_2017_04_10_09_00_00_cam_111bL.pkl,dataset/masks/image_2017_04_10_09_00_00_cam_111bL.pkl
38,image_2017_04_10_09_00_00_cam_113L.pkl,dataset/images/image_2017_04_10_09_00_00_cam_113L.pkl,dataset/masks/image_2017_04_10_09_00_00_cam_113L.pkl
39,image_2017_04_10_09_00_00_cam_114bL.pkl,dataset/images/image_2017_04_10_09_00_00_cam_114bL.pkl,dataset/masks/image_2017_04_10_09_00_00_cam_114bL.pkl
40,image_2017_04_10_09_00_00_cam_115bL.pkl,dataset/images/image_2017_04_10_09_00_00_cam_115bL.pkl,dataset/masks/image_2017_04_10_09_00_00_cam_115bL.pkl
41,image_2017_04_10_09_00_00_cam_116L.pkl,dataset/images/image_2017_04_10_09_00_00_cam_116L.pkl,dataset/masks/image_2017_04_10_09_00_00_cam_116L.pkl
42,image_2017_04_10_09_00_00_cam_117L.pkl,dataset/images/image_2017_04_10_09_00_00_cam_117L.pkl,dataset/masks/image_2017_04_10_09_00_00_cam_117L.pkl
43,image_2017_04_10_09_00_00_cam_119L.pkl,dataset/images/image_2017_04_10_09_00_00_cam_119L.pkl,dataset/masks/image_2017_04_10_09_00_00_cam_119L.pkl
44,image_2017_04_22_10_00_00_cam_109bL.pkl,dataset/images/image_2017_04_22_10_00_00_cam_109bL.pkl,dataset/masks/image_2017_04_22_10_00_00_cam_109bL.pkl
45,image_2017_04_22_10_00_00_cam_110bL.pkl,dataset/images/image_2017_04_22_10_00_00_cam_110bL.pkl,dataset/masks/image_2017_04_22_10_00_00_cam_110bL.pkl
46,image_2017_04_22_10_00_00_cam_111bL.pkl,dataset/images/image_2017_04_22_10_00_00_cam_111bL.pkl,dataset/masks/image_2017_04_22_10_00_00_cam_111bL.pkl
47,image_2017_04_22_10_00_00_cam_113L.pkl,dataset/images/image_2017_04_22_10_00_00_cam_113L.pkl,dataset/masks/image_2017_04_22_10_00_00_cam_113L.pkl
48,image_2017_04_22_10_00_00_cam_114bL.pkl,dataset/images/image_2017_04_22_10_00_00_cam_114bL.pkl,dataset/masks/image_2017_04_22_10_00_00_cam_114bL.pkl
49,image_2017_04_22_10_00_00_cam_115bL.pkl,dataset/images/image_2017_04_22_10_00_00_cam_115bL.pkl,dataset/masks/image_2017_04_22_10_00_00_cam_115bL.pkl
50,image_2017_04_22_10_00_00_cam_116L.pkl,dataset/images/image_2017_04_22_10_00_00_cam_116L.pkl,dataset/masks/image_2017_04_22_10_00_00_cam_116L.pkl
51,image_2017_04_22_10_00_00_cam_117L.pkl,dataset/images/image_2017_04_22_10_00_00_cam_117L.pkl,dataset/masks/image_2017_04_22_10_00_00_cam_117L.pkl
52,image_2017_04_22_10_00_00_cam_119L.pkl,dataset/images/image_2017_04_22_10_00_00_cam_119L.pkl,dataset/masks/image_2017_04_22_10_00_00_cam_119L.pkl
53,image_2017_04_22_10_00_00_cam_120L.pkl,dataset/images/image_2017_04_22_10_00_00_cam_120L.pkl,dataset/masks/image_2017_04_22_10_00_00_cam_120L.pkl
54,image_2017_04_22_11_01_00_cam_109bL.pkl,dataset/images/image_2017_04_22_11_01_00_cam_109bL.pkl,dataset/masks/image_2017_04_22_11_01_00_cam_109bL.pkl
55,image_2017_04_22_11_01_00_cam_110bL.pkl,dataset/images/image_2017_04_22_11_01_00_cam_110bL.pkl,dataset/masks/image_2017_04_22_11_01_00_cam_110bL.pkl
56,image_2017_04_22_11_01_00_cam_111bL.pkl,dataset/images/image_2017_04_22_11_01_00_cam_111bL.pkl,dataset/masks/image_2017_04_22_11_01_00_cam_111bL.pkl
57,image_2017_04_22_11_01_00_cam_113L.pkl,dataset/images/image_2017_04_22_11_01_00_cam_113L.pkl,dataset/masks/image_2017_04_22_11_01_00_cam_113L.pkl
58,image_2017_04_22_11_01_00_cam_114bL.pkl,dataset/images/image_2017_04_22_11_01_00_cam_114bL.pkl,dataset/masks/image_2017_04_22_11_01_00_cam_114bL.pkl
59,image_2017_04_22_11_01_00_cam_115bL.pkl,dataset/images/image_2017_04_22_11_01_00_cam_115bL.pkl,dataset/masks/image_2017_04_22_11_01_00_cam_115bL.pkl
60,image_2017_04_22_11_01_00_cam_116L.pkl,dataset/images/image_2017_04_22_11_01_00_cam_116L.pkl,dataset/masks/image_2017_04_22_11_01_00_cam_116L.pkl
61,image_2017_04_22_11_01_00_cam_117L.pkl,dataset/images/image_2017_04_22_11_01_00_cam_117L.pkl,dataset/masks/image_2017_04_22_11_01_00_cam_117L.pkl
62,image_2017_04_22_11_01_00_cam_119L.pkl,dataset/images/image_2017_04_22_11_01_00_cam_119L.pkl,dataset/masks/image_2017_04_22_11_01_00_cam_119L.pkl
63,image_2017_04_22_11_01_00_cam_120L.pkl,dataset/images/image_2017_04_22_11_01_00_cam_120L.pkl,dataset/masks/image_2017_04_22_11_01_00_cam_120L.pkl
64,image_2017_05_19_05_00_00_cam_109bL.pkl,dataset/images/image_2017_05_19_05_00_00_cam_109bL.pkl,dataset/masks/image_2017_05_19_05_00_00_cam_109bL.pkl
65,image_2017_05_19_05_00_00_cam_110bL.pkl,dataset/images/image_2017_05_19_05_00_00_cam_110bL.pkl,dataset/masks/image_2017_05_19_05_00_00_cam_110bL.pkl
66,image_2017_05_19_05_00_00_cam_111cL.pkl,dataset/images/image_2017_05_19_05_00_00_cam_111cL.pkl,dataset/masks/image_2017_05_19_05_00_00_cam_111cL.pkl
67,image_2017_05_19_05_00_00_cam_112bL.pkl,dataset/images/image_2017_05_19_05_00_00_cam_112bL.pkl,dataset/masks/image_2017_05_19_05_00_00_cam_112bL.pkl
68,image_2017_05_19_05_00_00_cam_115bL.pkl,dataset/images/image_2017_05_19_05_00_00_cam_115bL.pkl,dataset/masks/image_2017_05_19_05_00_00_cam_115bL.pkl
69,image_2017_05_19_05_00_00_cam_117L.pkl,dataset/images/image_2017_05_19_05_00_00_cam_117L.pkl,dataset/masks/image_2017_05_19_05_00_00_cam_117L.pkl
70,image_2017_05_19_05_00_00_cam_118bL.pkl,dataset/images/image_2017_05_19_05_00_00_cam_118bL.pkl,dataset/masks/image_2017_05_19_05_00_00_cam_118bL.pkl
71,image_2017_05_19_05_00_00_cam_120L.pkl,dataset/images/image_2017_05_19_05_00_00_cam_120L.pkl,dataset/masks/image_2017_05_19_05_00_00_cam_120L.pkl
72,image_2017_05_19_05_10_00_cam_109bL.pkl,dataset/images/image_2017_05_19_05_10_00_cam_109bL.pkl,dataset/masks/image_2017_05_19_05_10_00_cam_109bL.pkl
73,image_2017_05_19_05_10_00_cam_110bL.pkl,dataset/images/image_2017_05_19_05_10_00_cam_110bL.pkl,dataset/masks/image_2017_05_19_05_10_00_cam_110bL.pkl
74,image_2017_05_19_05_10_00_cam_111cL.pkl,dataset/images/image_2017_05_19_05_10_00_cam_111cL.pkl,dataset/masks/image_2017_05_19_05_10_00_cam_111cL.pkl
75,image_2017_05_19_05_10_00_cam_112bL.pkl,dataset/images/image_2017_05_19_05_10_00_cam_112bL.pkl,dataset/masks/image_2017_05_19_05_10_00_cam_112bL.pkl
76,image_2017_05_19_05_10_00_cam_115bL.pkl,dataset/images/image_2017_05_19_05_10_00_cam_115bL.pkl,dataset/masks/image_2017_05_19_05_10_00_cam_115bL.pkl
77,image_2017_05_19_05_10_00_cam_117L.pkl,dataset/images/image_2017_05_19_05_10_00_cam_117L.pkl,dataset/masks/image_2017_05_19_05_10_00_cam_117L.pkl
78,image_2017_05_19_05_10_00_cam_118bL.pkl,dataset/images/image_2017_05_19_05_10_00_cam_118bL.pkl,dataset/masks/image_2017_05_19_05_10_00_cam_118bL.pkl
79,image_2017_05_19_05_10_00_cam_120L.pkl,dataset/images/image_2017_05_19_05_10_00_cam_120L.pkl,dataset/masks/image_2017_05_19_05_10_00_cam_120L.pkl
80,image_2017_05_19_06_00_00_cam_109bL.pkl,dataset/images/image_2017_05_19_06_00_00_cam_109bL.pkl,dataset/masks/image_2017_05_19_06_00_00_cam_109bL.pkl
81,image_2017_05_19_06_00_00_cam_110bL.pkl,dataset/images/image_2017_05_19_06_00_00_cam_110bL.pkl,dataset/masks/image_2017_05_19_06_00_00_cam_110bL.pkl
82,image_2017_05_19_06_00_00_cam_111cL.pkl,dataset/images/image_2017_05_19_06_00_00_cam_111cL.pkl,dataset/masks/image_2017_05_19_06_00_00_cam_111cL.pkl
83,image_2017_05_19_06_00_00_cam_112bL.pkl,dataset/images/image_2017_05_19_06_00_00_cam_112bL.pkl,dataset/masks/image_2017_05_19_06_00_00_cam_112bL.pkl
84,image_2017_05_19_06_00_00_cam_115bL.pkl,dataset/images/image_2017_05_19_06_00_00_cam_115bL.pkl,dataset/masks/image_2017_05_19_06_00_00_cam_115bL.pkl
85,image_2017_05_19_06_00_00_cam_117L.pkl,dataset/images/image_2017_05_19_06_00_00_cam_117L.pkl,dataset/masks/image_2017_05_19_06_00_00_cam_117L.pkl
86,image_2017_05_19_06_00_00_cam_118bL.pkl,dataset/images/image_2017_05_19_06_00_00_cam_118bL.pkl,dataset/masks/image_2017_05_19_06_00_00_cam_118bL.pkl
87,image_2017_05_19_06_00_00_cam_120L.pkl,dataset/images/image_2017_05_19_06_00_00_cam_120L.pkl,dataset/masks/image_2017_05_19_06_00_00_cam_120L.pkl
88,image_2017_05_19_06_20_00_cam_109bL.pkl,dataset/images/image_2017_05_19_06_20_00_cam_109bL.pkl,dataset/masks/image_2017_05_19_06_20_00_cam_109bL.pkl
89,image_2017_05_19_06_20_00_cam_110bL.pkl,dataset/images/image_2017_05_19_06_20_00_cam_110bL.pkl,dataset/masks/image_2017_05_19_06_20_00_cam_110bL.pkl
90,image_2017_05_19_06_20_00_cam_111cL.pkl,dataset/images/image_2017_05_19_06_20_00_cam_111cL.pkl,dataset/masks/image_2017_05_19_06_20_00_cam_111cL.pkl
91,image_2017_05_19_06_20_00_cam_112bL.pkl,dataset/images/image_2017_05_19_06_20_00_cam_112bL.pkl,dataset/masks/image_2017_05_19_06_20_00_cam_112bL.pkl
92,image_2017_05_19_06_20_00_cam_115bL.pkl,dataset/images/image_2017_05_19_06_20_00_cam_115bL.pkl,dataset/masks/image_2017_05_19_06_20_00_cam_115bL.pkl
93,image_2017_05_19_06_20_00_cam_117L.pkl,dataset/images/image_2017_05_19_06_20_00_cam_117L.pkl,dataset/masks/image_2017_05_19_06_20_00_cam_117L.pkl
94,image_2017_05_19_06_20_00_cam_118bL.pkl,dataset/images/image_2017_05_19_06_20_00_cam_118bL.pkl,dataset/masks/image_2017_05_19_06_20_00_cam_118bL.pkl
95,image_2017_05_19_06_20_00_cam_120L.pkl,dataset/images/image_2017_05_19_06_20_00_cam_120L.pkl,dataset/masks/image_2017_05_19_06_20_00_cam_120L.pkl
96,image_2017_05_19_06_30_00_cam_109bL.pkl,dataset/images/image_2017_05_19_06_30_00_cam_109bL.pkl,dataset/masks/image_2017_05_19_06_30_00_cam_109bL.pkl
97,image_2017_05_19_06_30_00_cam_110bL.pkl,dataset/images/image_2017_05_19_06_30_00_cam_110bL.pkl,dataset/masks/image_2017_05_19_06_30_00_cam_110bL.pkl
98,image_2017_05_19_06_30_00_cam_111cL.pkl,dataset/images/image_2017_05_19_06_30_00_cam_111cL.pkl,dataset/masks/image_2017_05_19_06_30_00_cam_111cL.pkl
99,image_2017_05_19_06_30_00_cam_112bL.pkl,dataset/images/image_2017_05_19_06_30_00_cam_112bL.pkl,dataset/masks/image_2017_05_19_06_30_00_cam_112bL.pkl
100,image_2017_05_19_06_30_00_cam_115bL.pkl,dataset/images/image_2017_05_19_06_30_00_cam_115bL.pkl,dataset/masks/image_2017_05_19_06_30_00_cam_115bL.pkl
101,image_2017_05_19_06_30_00_cam_117L.pkl,dataset/images/image_2017_05_19_06_30_00_cam_117L.pkl,dataset/masks/image_2017_05_19_06_30_00_cam_117L.pkl
102,image_2017_05_19_06_30_00_cam_118bL.pkl,dataset/images/image_2017_05_19_06_30_00_cam_118bL.pkl,dataset/masks/image_2017_05_19_06_30_00_cam_118bL.pkl
103,image_2017_05_19_06_30_00_cam_120L.pkl,dataset/images/image_2017_05_19_06_30_00_cam_120L.pkl,dataset/masks/image_2017_05_19_06_30_00_cam_120L.pkl
104,image_2017_05_19_06_40_00_cam_109bL.pkl,dataset/images/image_2017_05_19_06_40_00_cam_109bL.pkl,dataset/masks/image_2017_05_19_06_40_00_cam_109bL.pkl
105,image_2017_05_19_06_40_00_cam_110bL.pkl,dataset/images/image_2017_05_19_06_40_00_cam_110bL.pkl,dataset/masks/image_2017_05_19_06_40_00_cam_110bL.pkl
106,image_2017_05_19_06_40_00_cam_111cL.pkl,dataset/images/image_2017_05_19_06_40_00_cam_111cL.pkl,dataset/masks/image_2017_05_19_06_40_00_cam_111cL.pkl
107,image_2017_05_19_06_40_00_cam_112bL.pkl,dataset/images/image_2017_05_19_06_40_00_cam_112bL.pkl,dataset/masks/image_2017_05_19_06_40_00_cam_112bL.pkl
108,image_2017_05_19_06_40_00_cam_115bL.pkl,dataset/images/image_2017_05_19_06_40_00_cam_115bL.pkl,dataset/masks/image_2017_05_19_06_40_00_cam_115bL.pkl
109,image_2017_05_19_06_40_00_cam_117L.pkl,dataset/images/image_2017_05_19_06_40_00_cam_117L.pkl,dataset/masks/image_2017_05_19_06_40_00_cam_117L.pkl
110,image_2017_05_19_06_40_00_cam_118bL.pkl,dataset/images/image_2017_05_19_06_40_00_cam_118bL.pkl,dataset/masks/image_2017_05_19_06_40_00_cam_118bL.pkl
111,image_2017_05_19_06_40_00_cam_120L.pkl,dataset/images/image_2017_05_19_06_40_00_cam_120L.pkl,dataset/masks/image_2017_05_19_06_40_00_cam_120L.pkl
112,image_2017_05_19_07_00_00_cam_109bL.pkl,dataset/images/image_2017_05_19_07_00_00_cam_109bL.pkl,dataset/masks/image_2017_05_19_07_00_00_cam_109bL.pkl
113,image_2017_05_19_07_00_00_cam_110bL.pkl,dataset/images/image_2017_05_19_07_00_00_cam_110bL.pkl,dataset/masks/image_2017_05_19_07_00_00_cam_110bL.pkl
114,image_2017_05_19_07_00_00_cam_111cL.pkl,dataset/images/image_2017_05_19_07_00_00_cam_111cL.pkl,dataset/masks/image_2017_05_19_07_00_00_cam_111cL.pkl
115,image_2017_05_19_07_00_00_cam_112bL.pkl,dataset/images/image_2017_05_19_07_00_00_cam_112bL.pkl,dataset/masks/image_2017_05_19_07_00_00_cam_112bL.pkl
116,image_2017_05_19_07_00_00_cam_115bL.pkl,dataset/images/image_2017_05_19_07_00_00_cam_115bL.pkl,dataset/masks/image_2017_05_19_07_00_00_cam_115bL.pkl
117,image_2017_05_19_07_00_00_cam_117L.pkl,dataset/images/image_2017_05_19_07_00_00_cam_117L.pkl,dataset/masks/image_2017_05_19_07_00_00_cam_117L.pkl
118,image_2017_05_19_07_00_00_cam_118bL.pkl,dataset/images/image_2017_05_19_07_00_00_cam_118bL.pkl,dataset/masks/image_2017_05_19_07_00_00_cam_118bL.pkl
119,image_2017_05_19_07_00_00_cam_120L.pkl,dataset/images/image_2017_05_19_07_00_00_cam_120L.pkl,dataset/masks/image_2017_05_19_07_00_00_cam_120L.pkl
120,image_2017_05_19_07_10_00_cam_109bL.pkl,dataset/images/image_2017_05_19_07_10_00_cam_109bL.pkl,dataset/masks/image_2017_05_19_07_10_00_cam_109bL.pkl
121,image_2017_05_19_07_10_00_cam_110bL.pkl,dataset/images/image_2017_05_19_07_10_00_cam_110bL.pkl,dataset/masks/image_2017_05_19_07_10_00_cam_110bL.pkl
122,image_2017_05_19_07_10_00_cam_111cL.pkl,dataset/images/image_2017_05_19_07_10_00_cam_111cL.pkl,dataset/masks/image_2017_05_19_07_10_00_cam_111cL.pkl
123,image_2017_05_19_07_10_00_cam_112bL.pkl,dataset/images/image_2017_05_19_07_10_00_cam_112bL.pkl,dataset/masks/image_2017_05_19_07_10_00_cam_112bL.pkl
124,image_2017_05_19_07_10_00_cam_115bL.pkl,dataset/images/image_2017_05_19_07_10_00_cam_115bL.pkl,dataset/masks/image_2017_05_19_07_10_00_cam_115bL.pkl
125,image_2017_05_19_07_10_00_cam_117L.pkl,dataset/images/image_2017_05_19_07_10_00_cam_117L.pkl,dataset/masks/image_2017_05_19_07_10_00_cam_117L.pkl
126,image_2017_05_19_07_10_00_cam_118bL.pkl,dataset/images/image_2017_05_19_07_10_00_cam_118bL.pkl,dataset/masks/image_2017_05_19_07_10_00_cam_118bL.pkl
127,image_2017_05_19_07_10_00_cam_120L.pkl,dataset/images/image_2017_05_19_07_10_00_cam_120L.pkl,dataset/masks/image_2017_05_19_07_10_00_cam_120L.pkl
128,image_2017_05_19_07_20_00_cam_109bL.pkl,dataset/images/image_2017_05_19_07_20_00_cam_109bL.pkl,dataset/masks/image_2017_05_19_07_20_00_cam_109bL.pkl
129,image_2017_05_19_07_20_00_cam_110bL.pkl,dataset/images/image_2017_05_19_07_20_00_cam_110bL.pkl,dataset/masks/image_2017_05_19_07_20_00_cam_110bL.pkl
130,image_2017_05_19_07_20_00_cam_111cL.pkl,dataset/images/image_2017_05_19_07_20_00_cam_111cL.pkl,dataset/masks/image_2017_05_19_07_20_00_cam_111cL.pkl
131,image_2017_05_19_07_20_00_cam_112bL.pkl,dataset/images/image_2017_05_19_07_20_00_cam_112bL.pkl,dataset/masks/image_2017_05_19_07_20_00_cam_112bL.pkl
132,image_2017_05_19_07_20_00_cam_115bL.pkl,dataset/images/image_2017_05_19_07_20_00_cam_115bL.pkl,dataset/masks/image_2017_05_19_07_20_00_cam_115bL.pkl
133,image_2017_05_19_07_20_00_cam_117L.pkl,dataset/images/image_2017_05_19_07_20_00_cam_117L.pkl,dataset/masks/image_2017_05_19_07_20_00_cam_117L.pkl
134,image_2017_05_19_07_20_00_cam_118bL.pkl,dataset/images/image_2017_05_19_07_20_00_cam_118bL.pkl,dataset/masks/image_2017_05_19_07_20_00_cam_118bL.pkl
135,image_2017_05_19_07_20_00_cam_120L.pkl,dataset/images/image_2017_05_19_07_20_00_cam_120L.pkl,dataset/masks/image_2017_05_19_07_20_00_cam_120L.pkl
136,image_2017_05_19_07_30_00_cam_109bL.pkl,dataset/images/image_2017_05_19_07_30_00_cam_109bL.pkl,dataset/masks/image_2017_05_19_07_30_00_cam_109bL.pkl
137,image_2017_05_19_07_30_00_cam_110bL.pkl,dataset/images/image_2017_05_19_07_30_00_cam_110bL.pkl,dataset/masks/image_2017_05_19_07_30_00_cam_110bL.pkl
138,image_2017_05_19_07_30_00_cam_111cL.pkl,dataset/images/image_2017_05_19_07_30_00_cam_111cL.pkl,dataset/masks/image_2017_05_19_07_30_00_cam_111cL.pkl
139,image_2017_05_19_07_30_00_cam_112bL.pkl,dataset/images/image_2017_05_19_07_30_00_cam_112bL.pkl,dataset/masks/image_2017_05_19_07_30_00_cam_112bL.pkl
140,image_2017_05_19_07_30_00_cam_115bL.pkl,dataset/images/image_2017_05_19_07_30_00_cam_115bL.pkl,dataset/masks/image_2017_05_19_07_30_00_cam_115bL.pkl
141,image_2017_05_19_07_30_00_cam_117L.pkl,dataset/images/image_2017_05_19_07_30_00_cam_117L.pkl,dataset/masks/image_2017_05_19_07_30_00_cam_117L.pkl
142,image_2017_05_19_07_30_00_cam_118bL.pkl,dataset/images/image_2017_05_19_07_30_00_cam_118bL.pkl,dataset/masks/image_2017_05_19_07_30_00_cam_118bL.pkl
143,image_2017_05_19_07_30_00_cam_120L.pkl,dataset/images/image_2017_05_19_07_30_00_cam_120L.pkl,dataset/masks/image_2017_05_19_07_30_00_cam_120L.pkl
144,image_2017_05_19_08_00_00_cam_109bL.pkl,dataset/images/image_2017_05_19_08_00_00_cam_109bL.pkl,dataset/masks/image_2017_05_19_08_00_00_cam_109bL.pkl
145,image_2017_05_19_08_00_00_cam_110bL.pkl,dataset/images/image_2017_05_19_08_00_00_cam_110bL.pkl,dataset/masks/image_2017_05_19_08_00_00_cam_110bL.pkl
146,image_2017_05_19_08_00_00_cam_111cL.pkl,dataset/images/image_2017_05_19_08_00_00_cam_111cL.pkl,dataset/masks/image_2017_05_19_08_00_00_cam_111cL.pkl
147,image_2017_05_19_08_00_00_cam_112bL.pkl,dataset/images/image_2017_05_19_08_00_00_cam_112bL.pkl,dataset/masks/image_2017_05_19_08_00_00_cam_112bL.pkl
148,image_2017_05_19_08_00_00_cam_115bL.pkl,dataset/images/image_2017_05_19_08_00_00_cam_115bL.pkl,dataset/masks/image_2017_05_19_08_00_00_cam_115bL.pkl
149,image_2017_05_19_08_00_00_cam_117L.pkl,dataset/images/image_2017_05_19_08_00_00_cam_117L.pkl,dataset/masks/image_2017_05_19_08_00_00_cam_117L.pkl
150,image_2017_05_19_08_00_00_cam_118bL.pkl,dataset/images/image_2017_05_19_08_00_00_cam_118bL.pkl,dataset/masks/image_2017_05_19_08_00_00_cam_118bL.pkl
151,image_2017_05_19_08_00_00_cam_120L.pkl,dataset/images/image_2017_05_19_08_00_00_cam_120L.pkl,dataset/masks/image_2017_05_19_08_00_00_cam_120L.pkl
152,image_2017_05_19_08_10_00_cam_109bL.pkl,dataset/images/image_2017_05_19_08_10_00_cam_109bL.pkl,dataset/masks/image_2017_05_19_08_10_00_cam_109bL.pkl
153,image_2017_05_19_08_10_00_cam_110bL.pkl,dataset/images/image_2017_05_19_08_10_00_cam_110bL.pkl,dataset/masks/image_2017_05_19_08_10_00_cam_110bL.pkl
154,image_2017_05_19_08_10_00_cam_111cL.pkl,dataset/images/image_2017_05_19_08_10_00_cam_111cL.pkl,dataset/masks/image_2017_05_19_08_10_00_cam_111cL.pkl
155,image_2017_05_19_08_10_00_cam_112bL.pkl,dataset/images/image_2017_05_19_08_10_00_cam_112bL.pkl,dataset/masks/image_2017_05_19_08_10_00_cam_112bL.pkl
156,image_2017_05_19_08_10_00_cam_115bL.pkl,dataset/images/image_2017_05_19_08_10_00_cam_115bL.pkl,dataset/masks/image_2017_05_19_08_10_00_cam_115bL.pkl
157,image_2017_05_19_08_10_00_cam_117L.pkl,dataset/images/image_2017_05_19_08_10_00_cam_117L.pkl,dataset/masks/image_2017_05_19_08_10_00_cam_117L.pkl
158,image_2017_05_19_08_10_00_cam_118bL.pkl,dataset/images/image_2017_05_19_08_10_00_cam_118bL.pkl,dataset/masks/image_2017_05_19_08_10_00_cam_118bL.pkl
159,image_2017_05_19_08_10_00_cam_120L.pkl,dataset/images/image_2017_05_19_08_10_00_cam_120L.pkl,dataset/masks/image_2017_05_19_08_10_00_cam_120L.pkl
160,image_2017_05_19_08_20_00_cam_109bL.pkl,dataset/images/image_2017_05_19_08_20_00_cam_109bL.pkl,dataset/masks/image_2017_05_19_08_20_00_cam_109bL.pkl
161,image_2017_05_19_08_20_00_cam_110bL.pkl,dataset/images/image_2017_05_19_08_20_00_cam_110bL.pkl,dataset/masks/image_2017_05_19_08_20_00_cam_110bL.pkl
162,image_2017_05_19_08_20_00_cam_111cL.pkl,dataset/images/image_2017_05_19_08_20_00_cam_111cL.pkl,dataset/masks/image_2017_05_19_08_20_00_cam_111cL.pkl
163,image_2017_05_19_08_20_00_cam_112bL.pkl,dataset/images/image_2017_05_19_08_20_00_cam_112bL.pkl,dataset/masks/image_2017_05_19_08_20_00_cam_112bL.pkl
164,image_2017_05_19_08_20_00_cam_115bL.pkl,dataset/images/image_2017_05_19_08_20_00_cam_115bL.pkl,dataset/masks/image_2017_05_19_08_20_00_cam_115bL.pkl
165,image_2017_05_19_08_20_00_cam_117L.pkl,dataset/images/image_2017_05_19_08_20_00_cam_117L.pkl,dataset/masks/image_2017_05_19_08_20_00_cam_117L.pkl
166,image_2017_05_19_08_20_00_cam_118bL.pkl,dataset/images/image_2017_05_19_08_20_00_cam_118bL.pkl,dataset/masks/image_2017_05_19_08_20_00_cam_118bL.pkl
167,image_2017_05_19_08_20_00_cam_120L.pkl,dataset/images/image_2017_05_19_08_20_00_cam_120L.pkl,dataset/masks/image_2017_05_19_08_20_00_cam_120L.pkl
168,image_2017_05_19_08_30_00_cam_109bL.pkl,dataset/images/image_2017_05_19_08_30_00_cam_109bL.pkl,dataset/masks/image_2017_05_19_08_30_00_cam_109bL.pkl
169,image_2017_05_19_08_30_00_cam_110bL.pkl,dataset/images/image_2017_05_19_08_30_00_cam_110bL.pkl,dataset/masks/image_2017_05_19_08_30_00_cam_110bL.pkl
170,image_2017_05_19_08_30_00_cam_111cL.pkl,dataset/images/image_2017_05_19_08_30_00_cam_111cL.pkl,dataset/masks/image_2017_05_19_08_30_00_cam_111cL.pkl
171,image_2017_05_19_08_30_00_cam_112bL.pkl,dataset/images/image_2017_05_19_08_30_00_cam_112bL.pkl,dataset/masks/image_2017_05_19_08_30_00_cam_112bL.pkl
172,image_2017_05_19_08_30_00_cam_115bL.pkl,dataset/images/image_2017_05_19_08_30_00_cam_115bL.pkl,dataset/masks/image_2017_05_19_08_30_00_cam_115bL.pkl
173,image_2017_05_19_08_30_00_cam_117L.pkl,dataset/images/image_2017_05_19_08_30_00_cam_117L.pkl,dataset/masks/image_2017_05_19_08_30_00_cam_117L.pkl
174,image_2017_05_19_08_30_00_cam_118bL.pkl,dataset/images/image_2017_05_19_08_30_00_cam_118bL.pkl,dataset/masks/image_2017_05_19_08_30_00_cam_118bL.pkl
175,image_2017_05_19_08_30_00_cam_120L.pkl,dataset/images/image_2017_05_19_08_30_00_cam_120L.pkl,dataset/masks/image_2017_05_19_08_30_00_cam_120L.pkl
176,image_2017_05_19_09_00_00_cam_109bL.pkl,dataset/images/image_2017_05_19_09_00_00_cam_109bL.pkl,dataset/masks/image_2017_05_19_09_00_00_cam_109bL.pkl
177,image_2017_05_19_09_00_00_cam_110bL.pkl,dataset/images/image_2017_05_19_09_00_00_cam_110bL.pkl,dataset/masks/image_2017_05_19_09_00_00_cam_110bL.pkl
178,image_2017_05_19_09_00_00_cam_111cL.pkl,dataset/images/image_2017_05_19_09_00_00_cam_111cL.pkl,dataset/masks/image_2017_05_19_09_00_00_cam_111cL.pkl
179,image_2017_05_19_09_00_00_cam_112bL.pkl,dataset/images/image_2017_05_19_09_00_00_cam_112bL.pkl,dataset/masks/image_2017_05_19_09_00_00_cam_112bL.pkl
180,image_2017_05_19_09_00_00_cam_115bL.pkl,dataset/images/image_2017_05_19_09_00_00_cam_115bL.pkl,dataset/masks/image_2017_05_19_09_00_00_cam_115bL.pkl
181,image_2017_05_19_09_00_00_cam_117L.pkl,dataset/images/image_2017_05_19_09_00_00_cam_117L.pkl,dataset/masks/image_2017_05_19_09_00_00_cam_117L.pkl
182,image_2017_05_19_09_00_00_cam_118bL.pkl,dataset/images/image_2017_05_19_09_00_00_cam_118bL.pkl,dataset/masks/image_2017_05_19_09_00_00_cam_118bL.pkl
183,image_2017_05_19_09_00_00_cam_120L.pkl,dataset/images/image_2017_05_19_09_00_00_cam_120L.pkl,dataset/masks/image_2017_05_19_09_00_00_cam_120L.pkl
184,image_2017_05_19_09_10_00_cam_109bL.pkl,dataset/images/image_2017_05_19_09_10_00_cam_109bL.pkl,dataset/masks/image_2017_05_19_09_10_00_cam_109bL.pkl
185,image_2017_05_19_09_10_00_cam_110bL.pkl,dataset/images/image_2017_05_19_09_10_00_cam_110bL.pkl,dataset/masks/image_2017_05_19_09_10_00_cam_110bL.pkl
186,image_2017_05_19_09_10_00_cam_111cL.pkl,dataset/images/image_2017_05_19_09_10_00_cam_111cL.pkl,dataset/masks/image_2017_05_19_09_10_00_cam_111cL.pkl
187,image_2017_05_19_09_10_00_cam_112bL.pkl,dataset/images/image_2017_05_19_09_10_00_cam_112bL.pkl,dataset/masks/image_2017_05_19_09_10_00_cam_112bL.pkl
188,image_2017_05_19_09_10_00_cam_115bL.pkl,dataset/images/image_2017_05_19_09_10_00_cam_115bL.pkl,dataset/masks/image_2017_05_19_09_10_00_cam_115bL.pkl
189,image_2017_05_19_09_10_00_cam_117L.pkl,dataset/images/image_2017_05_19_09_10_00_cam_117L.pkl,dataset/masks/image_2017_05_19_09_10_00_cam_117L.pkl
190,image_2017_05_19_09_10_00_cam_118bL.pkl,dataset/images/image_2017_05_19_09_10_00_cam_118bL.pkl,dataset/masks/image_2017_05_19_09_10_00_cam_118bL.pkl
191,image_2017_05_19_09_10_00_cam_120L.pkl,dataset/images/image_2017_05_19_09_10_00_cam_120L.pkl,dataset/masks/image_2017_05_19_09_10_00_cam_120L.pkl
192,image_2017_05_19_09_20_00_cam_109bL.pkl,dataset/images/image_2017_05_19_09_20_00_cam_109bL.pkl,dataset/masks/image_2017_05_19_09_20_00_cam_109bL.pkl
193,image_2017_05_19_09_20_00_cam_110bL.pkl,dataset/images/image_2017_05_19_09_20_00_cam_110bL.pkl,dataset/masks/image_2017_05_19_09_20_00_cam_110bL.pkl
194,image_2017_05_19_09_20_00_cam_111cL.pkl,dataset/images/image_2017_05_19_09_20_00_cam_111cL.pkl,dataset/masks/image_2017_05_19_09_20_00_cam_111cL.pkl
195,image_2017_05_19_09_20_00_cam_112bL.pkl,dataset/images/image_2017_05_19_09_20_00_cam_112bL.pkl,dataset/masks/image_2017_05_19_09_20_00_cam_112bL.pkl
196,image_2017_05_19_09_20_00_cam_115bL.pkl,dataset/images/image_2017_05_19_09_20_00_cam_115bL.pkl,dataset/masks/image_2017_05_19_09_20_00_cam_115bL.pkl
197,image_2017_05_19_09_20_00_cam_117L.pkl,dataset/images/image_2017_05_19_09_20_00_cam_117L.pkl,dataset/masks/image_2017_05_19_09_20_00_cam_117L.pkl
198,image_2017_05_19_09_20_00_cam_118bL.pkl,dataset/images/image_2017_05_19_09_20_00_cam_118bL.pkl,dataset/masks/image_2017_05_19_09_20_00_cam_118bL.pkl
199,image_2017_05_19_09_20_00_cam_120L.pkl,dataset/images/image_2017_05_19_09_20_00_cam_120L.pkl,dataset/masks/image_2017_05_19_09_20_00_cam_120L.pkl
200,image_2017_05_19_09_30_00_cam_109bL.pkl,dataset/images/image_2017_05_19_09_30_00_cam_109bL.pkl,dataset/masks/image_2017_05_19_09_30_00_cam_109bL.pkl
201,image_2017_05_19_09_30_00_cam_110bL.pkl,dataset/images/image_2017_05_19_09_30_00_cam_110bL.pkl,dataset/masks/image_2017_05_19_09_30_00_cam_110bL.pkl
202,image_2017_05_19_09_30_00_cam_111cL.pkl,dataset/images/image_2017_05_19_09_30_00_cam_111cL.pkl,dataset/masks/image_2017_05_19_09_30_00_cam_111cL.pkl
203,image_2017_05_19_09_30_00_cam_112bL.pkl,dataset/images/image_2017_05_19_09_30_00_cam_112bL.pkl,dataset/masks/image_2017_05_19_09_30_00_cam_112bL.pkl
204,image_2017_05_19_09_30_00_cam_115bL.pkl,dataset/images/image_2017_05_19_09_30_00_cam_115bL.pkl,dataset/masks/image_2017_05_19_09_30_00_cam_115bL.pkl
205,image_2017_05_19_09_30_00_cam_117L.pkl,dataset/images/image_2017_05_19_09_30_00_cam_117L.pkl,dataset/masks/image_2017_05_19_09_30_00_cam_117L.pkl
206,image_2017_05_19_09_30_00_cam_118bL.pkl,dataset/images/image_2017_05_19_09_30_00_cam_118bL.pkl,dataset/masks/image_2017_05_19_09_30_00_cam_118bL.pkl
207,image_2017_05_19_09_30_00_cam_120L.pkl,dataset/images/image_2017_05_19_09_30_00_cam_120L.pkl,dataset/masks/image_2017_05_19_09_30_00_cam_120L.pkl
208,image_2017_05_19_10_00_00_cam_109bL.pkl,dataset/images/image_2017_05_19_10_00_00_cam_109bL.pkl,dataset/masks/image_2017_05_19_10_00_00_cam_109bL.pkl
209,image_2017_05_19_10_00_00_cam_110bL.pkl,dataset/images/image_2017_05_19_10_00_00_cam_110bL.pkl,dataset/masks/image_2017_05_19_10_00_00_cam_110bL.pkl
210,image_2017_05_19_10_00_00_cam_111cL.pkl,dataset/images/image_2017_05_19_10_00_00_cam_111cL.pkl,dataset/masks/image_2017_05_19_10_00_00_cam_111cL.pkl
211,image_2017_05_19_10_00_00_cam_112bL.pkl,dataset/images/image_2017_05_19_10_00_00_cam_112bL.pkl,dataset/masks/image_2017_05_19_10_00_00_cam_112bL.pkl
212,image_2017_05_19_10_00_00_cam_115bL.pkl,dataset/images/image_2017_05_19_10_00_00_cam_115bL.pkl,dataset/masks/image_2017_05_19_10_00_00_cam_115bL.pkl
213,image_2017_05_19_10_00_00_cam_117L.pkl,dataset/images/image_2017_05_19_10_00_00_cam_117L.pkl,dataset/masks/image_2017_05_19_10_00_00_cam_117L.pkl
214,image_2017_05_19_10_00_00_cam_118bL.pkl,dataset/images/image_2017_05_19_10_00_00_cam_118bL.pkl,dataset/masks/image_2017_05_19_10_00_00_cam_118bL.pkl
215,image_2017_05_19_10_00_00_cam_120L.pkl,dataset/images/image_2017_05_19_10_00_00_cam_120L.pkl,dataset/masks/image_2017_05_19_10_00_00_cam_120L.pkl
216,image_2017_05_19_10_10_00_cam_109bL.pkl,dataset/images/image_2017_05_19_10_10_00_cam_109bL.pkl,dataset/masks/image_2017_05_19_10_10_00_cam_109bL.pkl
217,image_2017_05_19_10_10_00_cam_110bL.pkl,dataset/images/image_2017_05_19_10_10_00_cam_110bL.pkl,dataset/masks/image_2017_05_19_10_10_00_cam_110bL.pkl
218,image_2017_05_19_10_10_00_cam_111cL.pkl,dataset/images/image_2017_05_19_10_10_00_cam_111cL.pkl,dataset/masks/image_2017_05_19_10_10_00_cam_111cL.pkl
219,image_2017_05_19_10_10_00_cam_112bL.pkl,dataset/images/image_2017_05_19_10_10_00_cam_112bL.pkl,dataset/masks/image_2017_05_19_10_10_00_cam_112bL.pkl
220,image_2017_05_19_10_10_00_cam_115bL.pkl,dataset/images/image_2017_05_19_10_10_00_cam_115bL.pkl,dataset/masks/image_2017_05_19_10_10_00_cam_115bL.pkl
221,image_2017_05_19_10_10_00_cam_117L.pkl,dataset/images/image_2017_05_19_10_10_00_cam_117L.pkl,dataset/masks/image_2017_05_19_10_10_00_cam_117L.pkl
222,image_2017_05_19_10_10_00_cam_118bL.pkl,dataset/images/image_2017_05_19_10_10_00_cam_118bL.pkl,dataset/masks/image_2017_05_19_10_10_00_cam_118bL.pkl
223,image_2017_05_19_10_10_00_cam_120L.pkl,dataset/images/image_2017_05_19_10_10_00_cam_120L.pkl,dataset/masks/image_2017_05_19_10_10_00_cam_120L.pkl
224,image_2017_05_19_10_20_00_cam_109bL.pkl,dataset/images/image_2017_05_19_10_20_00_cam_109bL.pkl,dataset/masks/image_2017_05_19_10_20_00_cam_109bL.pkl
225,image_2017_05_19_10_20_00_cam_110bL.pkl,dataset/images/image_2017_05_19_10_20_00_cam_110bL.pkl,dataset/masks/image_2017_05_19_10_20_00_cam_110bL.pkl
226,image_2017_05_19_10_20_00_cam_111cL.pkl,dataset/images/image_2017_05_19_10_20_00_cam_111cL.pkl,dataset/masks/image_2017_05_19_10_20_00_cam_111cL.pkl
227,image_2017_05_19_10_20_00_cam_112bL.pkl,dataset/images/image_2017_05_19_10_20_00_cam_112bL.pkl,dataset/masks/image_2017_05_19_10_20_00_cam_112bL.pkl
228,image_2017_05_19_10_20_00_cam_115bL.pkl,dataset/images/image_2017_05_19_10_20_00_cam_115bL.pkl,dataset/masks/image_2017_05_19_10_20_00_cam_115bL.pkl
229,image_2017_05_19_10_20_00_cam_117L.pkl,dataset/images/image_2017_05_19_10_20_00_cam_117L.pkl,dataset/masks/image_2017_05_19_10_20_00_cam_117L.pkl
230,image_2017_05_19_10_20_00_cam_118bL.pkl,dataset/images/image_2017_05_19_10_20_00_cam_118bL.pkl,dataset/masks/image_2017_05_19_10_20_00_cam_118bL.pkl
231,image_2017_05_19_10_20_00_cam_120L.pkl,dataset/images/image_2017_05_19_10_20_00_cam_120L.pkl,dataset/masks/image_2017_05_19_10_20_00_cam_120L.pkl
232,image_2017_05_19_10_30_00_cam_109bL.pkl,dataset/images/image_2017_05_19_10_30_00_cam_109bL.pkl,dataset/masks/image_2017_05_19_10_30_00_cam_109bL.pkl
233,image_2017_05_19_10_30_00_cam_110bL.pkl,dataset/images/image_2017_05_19_10_30_00_cam_110bL.pkl,dataset/masks/image_2017_05_19_10_30_00_cam_110bL.pkl
234,image_2017_05_19_10_30_00_cam_111cL.pkl,dataset/images/image_2017_05_19_10_30_00_cam_111cL.pkl,dataset/masks/image_2017_05_19_10_30_00_cam_111cL.pkl
235,image_2017_05_19_10_30_00_cam_112bL.pkl,dataset/images/image_2017_05_19_10_30_00_cam_112bL.pkl,dataset/masks/image_2017_05_19_10_30_00_cam_112bL.pkl
236,image_2017_05_19_10_30_00_cam_115bL.pkl,dataset/images/image_2017_05_19_10_30_00_cam_115bL.pkl,dataset/masks/image_2017_05_19_10_30_00_cam_115bL.pkl
237,image_2017_05_19_10_30_00_cam_117L.pkl,dataset/images/image_2017_05_19_10_30_00_cam_117L.pkl,dataset/masks/image_2017_05_19_10_30_00_cam_117L.pkl
238,image_2017_05_19_10_30_00_cam_118bL.pkl,dataset/images/image_2017_05_19_10_30_00_cam_118bL.pkl,dataset/masks/image_2017_05_19_10_30_00_cam_118bL.pkl
239,image_2017_05_19_10_30_00_cam_120L.pkl,dataset/images/image_2017_05_19_10_30_00_cam_120L.pkl,dataset/masks/image_2017_05_19_10_30_00_cam_120L.pkl
240,image_2017_05_19_11_00_00_cam_109bL.pkl,dataset/images/image_2017_05_19_11_00_00_cam_109bL.pkl,dataset/masks/image_2017_05_19_11_00_00_cam_109bL.pkl
241,image_2017_05_19_11_00_00_cam_110bL.pkl,dataset/images/image_2017_05_19_11_00_00_cam_110bL.pkl,dataset/masks/image_2017_05_19_11_00_00_cam_110bL.pkl
242,image_2017_05_19_11_00_00_cam_111cL.pkl,dataset/images/image_2017_05_19_11_00_00_cam_111cL.pkl,dataset/masks/image_2017_05_19_11_00_00_cam_111cL.pkl
243,image_2017_05_19_11_00_00_cam_112bL.pkl,dataset/images/image_2017_05_19_11_00_00_cam_112bL.pkl,dataset/masks/image_2017_05_19_11_00_00_cam_112bL.pkl
244,image_2017_05_19_11_00_00_cam_115bL.pkl,dataset/images/image_2017_05_19_11_00_00_cam_115bL.pkl,dataset/masks/image_2017_05_19_11_00_00_cam_115bL.pkl
245,image_2017_05_19_11_00_00_cam_117L.pkl,dataset/images/image_2017_05_19_11_00_00_cam_117L.pkl,dataset/masks/image_2017_05_19_11_00_00_cam_117L.pkl
246,image_2017_05_19_11_00_00_cam_118bL.pkl,dataset/images/image_2017_05_19_11_00_00_cam_118bL.pkl,dataset/masks/image_2017_05_19_11_00_00_cam_118bL.pkl
247,image_2017_05_19_11_00_00_cam_120L.pkl,dataset/images/image_2017_05_19_11_00_00_cam_120L.pkl,dataset/masks/image_2017_05_19_11_00_00_cam_120L.pkl
248,image_2017_05_19_11_10_00_cam_109bL.pkl,dataset/images/image_2017_05_19_11_10_00_cam_109bL.pkl,dataset/masks/image_2017_05_19_11_10_00_cam_109bL.pkl
249,image_2017_05_19_11_10_00_cam_110bL.pkl,dataset/images/image_2017_05_19_11_10_00_cam_110bL.pkl,dataset/masks/image_2017_05_19_11_10_00_cam_110bL.pkl
250,image_2017_05_19_11_10_00_cam_111cL.pkl,dataset/images/image_2017_05_19_11_10_00_cam_111cL.pkl,dataset/masks/image_2017_05_19_11_10_00_cam_111cL.pkl
251,image_2017_05_19_11_10_00_cam_112bL.pkl,dataset/images/image_2017_05_19_11_10_00_cam_112bL.pkl,dataset/masks/image_2017_05_19_11_10_00_cam_112bL.pkl
252,image_2017_05_19_11_10_00_cam_115bL.pkl,dataset/images/image_2017_05_19_11_10_00_cam_115bL.pkl,dataset/masks/image_2017_05_19_11_10_00_cam_115bL.pkl
253,image_2017_05_19_11_10_00_cam_117L.pkl,dataset/images/image_2017_05_19_11_10_00_cam_117L.pkl,dataset/masks/image_2017_05_19_11_10_00_cam_117L.pkl
254,image_2017_05_19_11_10_00_cam_118bL.pkl,dataset/images/image_2017_05_19_11_10_00_cam_118bL.pkl,dataset/masks/image_2017_05_19_11_10_00_cam_118bL.pkl
255,image_2017_05_19_11_10_00_cam_120L.pkl,dataset/images/image_2017_05_19_11_10_00_cam_120L.pkl,dataset/masks/image_2017_05_19_11_10_00_cam_120L.pkl
256,image_2017_05_19_11_20_00_cam_109bL.pkl,dataset/images/image_2017_05_19_11_20_00_cam_109bL.pkl,dataset/masks/image_2017_05_19_11_20_00_cam_109bL.pkl
257,image_2017_05_19_11_20_00_cam_110bL.pkl,dataset/images/image_2017_05_19_11_20_00_cam_110bL.pkl,dataset/masks/image_2017_05_19_11_20_00_cam_110bL.pkl
258,image_2017_05_19_11_20_00_cam_111cL.pkl,dataset/images/image_2017_05_19_11_20_00_cam_111cL.pkl,dataset/masks/image_2017_05_19_11_20_00_cam_111cL.pkl
259,image_2017_05_19_11_20_00_cam_112bL.pkl,dataset/images/image_2017_05_19_11_20_00_cam_112bL.pkl,dataset/masks/image_2017_05_19_11_20_00_cam_112bL.pkl
260,image_2017_05_19_11_20_00_cam_115bL.pkl,dataset/images/image_2017_05_19_11_20_00_cam_115bL.pkl,dataset/masks/image_2017_05_19_11_20_00_cam_115bL.pkl
261,image_2017_05_19_11_20_00_cam_117L.pkl,dataset/images/image_2017_05_19_11_20_00_cam_117L.pkl,dataset/masks/image_2017_05_19_11_20_00_cam_117L.pkl
262,image_2017_05_19_11_20_00_cam_118bL.pkl,dataset/images/image_2017_05_19_11_20_00_cam_118bL.pkl,dataset/masks/image_2017_05_19_11_20_00_cam_118bL.pkl
263,image_2017_05_19_11_20_00_cam_120L.pkl,dataset/images/image_2017_05_19_11_20_00_cam_120L.pkl,dataset/masks/image_2017_05_19_11_20_00_cam_120L.pkl
264,image_2017_05_19_11_30_00_cam_109bL.pkl,dataset/images/image_2017_05_19_11_30_00_cam_109bL.pkl,dataset/masks/image_2017_05_19_11_30_00_cam_109bL.pkl
265,image_2017_05_19_11_30_00_cam_110bL.pkl,dataset/images/image_2017_05_19_11_30_00_cam_110bL.pkl,dataset/masks/image_2017_05_19_11_30_00_cam_110bL.pkl
266,image_2017_05_19_11_30_00_cam_111cL.pkl,dataset/images/image_2017_05_19_11_30_00_cam_111cL.pkl,dataset/masks/image_2017_05_19_11_30_00_cam_111cL.pkl
267,image_2017_05_19_11_30_00_cam_112bL.pkl,dataset/images/image_2017_05_19_11_30_00_cam_112bL.pkl,dataset/masks/image_2017_05_19_11_30_00_cam_112bL.pkl
268,image_2017_05_19_11_30_00_cam_115bL.pkl,dataset/images/image_2017_05_19_11_30_00_cam_115bL.pkl,dataset/masks/image_2017_05_19_11_30_00_cam_115bL.pkl
269,image_2017_05_19_11_30_00_cam_117L.pkl,dataset/images/image_2017_05_19_11_30_00_cam_117L.pkl,dataset/masks/image_2017_05_19_11_30_00_cam_117L.pkl
270,image_2017_05_19_11_30_00_cam_118bL.pkl,dataset/images/image_2017_05_19_11_30_00_cam_118bL.pkl,dataset/masks/image_2017_05_19_11_30_00_cam_118bL.pkl
271,image_2017_05_19_11_30_00_cam_120L.pkl,dataset/images/image_2017_05_19_11_30_00_cam_120L.pkl,dataset/masks/image_2017_05_19_11_30_00_cam_120L.pkl
272,image_2017_05_19_12_00_00_cam_109bL.pkl,dataset/images/image_2017_05_19_12_00_00_cam_109bL.pkl,dataset/masks/image_2017_05_19_12_00_00_cam_109bL.pkl
273,image_2017_05_19_12_00_00_cam_110bL.pkl,dataset/images/image_2017_05_19_12_00_00_cam_110bL.pkl,dataset/masks/image_2017_05_19_12_00_00_cam_110bL.pkl
274,image_2017_05_19_12_00_00_cam_111cL.pkl,dataset/images/image_2017_05_19_12_00_00_cam_111cL.pkl,dataset/masks/image_2017_05_19_12_00_00_cam_111cL.pkl
275,image_2017_05_19_12_00_00_cam_112bL.pkl,dataset/images/image_2017_05_19_12_00_00_cam_112bL.pkl,dataset/masks/image_2017_05_19_12_00_00_cam_112bL.pkl
276,image_2017_05_19_12_00_00_cam_115bL.pkl,dataset/images/image_2017_05_19_12_00_00_cam_115bL.pkl,dataset/masks/image_2017_05_19_12_00_00_cam_115bL.pkl
277,image_2017_05_19_12_00_00_cam_117L.pkl,dataset/images/image_2017_05_19_12_00_00_cam_117L.pkl,dataset/masks/image_2017_05_19_12_00_00_cam_117L.pkl
278,image_2017_05_19_12_00_00_cam_118bL.pkl,dataset/images/image_2017_05_19_12_00_00_cam_118bL.pkl,dataset/masks/image_2017_05_19_12_00_00_cam_118bL.pkl
279,image_2017_05_19_12_00_00_cam_120L.pkl,dataset/images/image_2017_05_19_12_00_00_cam_120L.pkl,dataset/masks/image_2017_05_19_12_00_00_cam_120L.pkl
280,image_2017_05_19_12_10_00_cam_109bL.pkl,dataset/images/image_2017_05_19_12_10_00_cam_109bL.pkl,dataset/masks/image_2017_05_19_12_10_00_cam_109bL.pkl
281,image_2017_05_19_12_10_00_cam_110bL.pkl,dataset/images/image_2017_05_19_12_10_00_cam_110bL.pkl,dataset/masks/image_2017_05_19_12_10_00_cam_110bL.pkl
282,image_2017_05_19_12_10_00_cam_111cL.pkl,dataset/images/image_2017_05_19_12_10_00_cam_111cL.pkl,dataset/masks/image_2017_05_19_12_10_00_cam_111cL.pkl
283,image_2017_05_19_12_10_00_cam_112bL.pkl,dataset/images/image_2017_05_19_12_10_00_cam_112bL.pkl,dataset/masks/image_2017_05_19_12_10_00_cam_112bL.pkl
284,image_2017_05_19_12_10_00_cam_115bL.pkl,dataset/images/image_2017_05_19_12_10_00_cam_115bL.pkl,dataset/masks/image_2017_05_19_12_10_00_cam_115bL.pkl
285,image_2017_05_19_12_10_00_cam_117L.pkl,dataset/images/image_2017_05_19_12_10_00_cam_117L.pkl,dataset/masks/image_2017_05_19_12_10_00_cam_117L.pkl
286,image_2017_05_19_12_10_00_cam_118bL.pkl,dataset/images/image_2017_05_19_12_10_00_cam_118bL.pkl,dataset/masks/image_2017_05_19_12_10_00_cam_118bL.pkl
287,image_2017_05_19_12_10_00_cam_120L.pkl,dataset/images/image_2017_05_19_12_10_00_cam_120L.pkl,dataset/masks/image_2017_05_19_12_10_00_cam_120L.pkl
288,image_2017_05_19_14_00_00_cam_110bL.pkl,dataset/images/image_2017_05_19_14_00_00_cam_110bL.pkl,dataset/masks/image_2017_05_19_14_00_00_cam_110bL.pkl
289,image_2017_05_19_14_00_00_cam_111cL.pkl,dataset/images/image_2017_05_19_14_00_00_cam_111cL.pkl,dataset/masks/image_2017_05_19_14_00_00_cam_111cL.pkl
290,image_2017_05_19_14_00_00_cam_112bL.pkl,dataset/images/image_2017_05_19_14_00_00_cam_112bL.pkl,dataset/masks/image_2017_05_19_14_00_00_cam_112bL.pkl
291,image_2017_05_19_14_00_00_cam_115bL.pkl,dataset/images/image_2017_05_19_14_00_00_cam_115bL.pkl,dataset/masks/image_2017_05_19_14_00_00_cam_115bL.pkl
292,image_2017_05_19_14_00_00_cam_117L.pkl,dataset/images/image_2017_05_19_14_00_00_cam_117L.pkl,dataset/masks/image_2017_05_19_14_00_00_cam_117L.pkl
293,image_2017_05_19_14_00_00_cam_118bL.pkl,dataset/images/image_2017_05_19_14_00_00_cam_118bL.pkl,dataset/masks/image_2017_05_19_14_00_00_cam_118bL.pkl
294,image_2017_05_19_14_00_00_cam_120L.pkl,dataset/images/image_2017_05_19_14_00_00_cam_120L.pkl,dataset/masks/image_2017_05_19_14_00_00_cam_120L.pkl
295,image_2017_05_19_14_10_00_cam_110bL.pkl,dataset/images/image_2017_05_19_14_10_00_cam_110bL.pkl,dataset/masks/image_2017_05_19_14_10_00_cam_110bL.pkl
296,image_2017_05_19_14_10_00_cam_111cL.pkl,dataset/images/image_2017_05_19_14_10_00_cam_111cL.pkl,dataset/masks/image_2017_05_19_14_10_00_cam_111cL.pkl
297,image_2017_05_19_14_10_00_cam_112bL.pkl,dataset/images/image_2017_05_19_14_10_00_cam_112bL.pkl,dataset/masks/image_2017_05_19_14_10_00_cam_112bL.pkl
298,image_2017_05_19_14_10_00_cam_115bL.pkl,dataset/images/image_2017_05_19_14_10_00_cam_115bL.pkl,dataset/masks/image_2017_05_19_14_10_00_cam_115bL.pkl
299,image_2017_05_19_14_10_00_cam_117L.pkl,dataset/images/image_2017_05_19_14_10_00_cam_117L.pkl,dataset/masks/image_2017_05_19_14_10_00_cam_117L.pkl
300,image_2017_05_19_14_10_00_cam_118bL.pkl,dataset/images/image_2017_05_19_14_10_00_cam_118bL.pkl,dataset/masks/image_2017_05_19_14_10_00_cam_118bL.pkl
301,image_2017_05_19_14_10_00_cam_120L.pkl,dataset/images/image_2017_05_19_14_10_00_cam_120L.pkl,dataset/masks/image_2017_05_19_14_10_00_cam_120L.pkl
302,image_2017_05_19_14_20_00_cam_110bL.pkl,dataset/images/image_2017_05_19_14_20_00_cam_110bL.pkl,dataset/masks/image_2017_05_19_14_20_00_cam_110bL.pkl
303,image_2017_05_19_14_20_00_cam_111cL.pkl,dataset/images/image_2017_05_19_14_20_00_cam_111cL.pkl,dataset/masks/image_2017_05_19_14_20_00_cam_111cL.pkl
304,image_2017_05_19_14_20_00_cam_112bL.pkl,dataset/images/image_2017_05_19_14_20_00_cam_112bL.pkl,dataset/masks/image_2017_05_19_14_20_00_cam_112bL.pkl
305,image_2017_05_19_14_20_00_cam_115bL.pkl,dataset/images/image_2017_05_19_14_20_00_cam_115bL.pkl,dataset/masks/image_2017_05_19_14_20_00_cam_115bL.pkl
306,image_2017_05_19_14_20_00_cam_117L.pkl,dataset/images/image_2017_05_19_14_20_00_cam_117L.pkl,dataset/masks/image_2017_05_19_14_20_00_cam_117L.pkl
307,image_2017_05_19_14_20_00_cam_118bL.pkl,dataset/images/image_2017_05_19_14_20_00_cam_118bL.pkl,dataset/masks/image_2017_05_19_14_20_00_cam_118bL.pkl
308,image_2017_05_19_14_20_00_cam_120L.pkl,dataset/images/image_2017_05_19_14_20_00_cam_120L.pkl,dataset/masks/image_2017_05_19_14_20_00_cam_120L.pkl
309,image_2017_05_19_14_30_00_cam_110bL.pkl,dataset/images/image_2017_05_19_14_30_00_cam_110bL.pkl,dataset/masks/image_2017_05_19_14_30_00_cam_110bL.pkl
310,image_2017_05_19_14_30_00_cam_111cL.pkl,dataset/images/image_2017_05_19_14_30_00_cam_111cL.pkl,dataset/masks/image_2017_05_19_14_30_00_cam_111cL.pkl
311,image_2017_05_19_14_30_00_cam_112bL.pkl,dataset/images/image_2017_05_19_14_30_00_cam_112bL.pkl,dataset/masks/image_2017_05_19_14_30_00_cam_112bL.pkl
312,image_2017_05_19_14_30_00_cam_115bL.pkl,dataset/images/image_2017_05_19_14_30_00_cam_115bL.pkl,dataset/masks/image_2017_05_19_14_30_00_cam_115bL.pkl
313,image_2017_05_19_14_30_00_cam_117L.pkl,dataset/images/image_2017_05_19_14_30_00_cam_117L.pkl,dataset/masks/image_2017_05_19_14_30_00_cam_117L.pkl
314,image_2017_05_19_14_30_00_cam_118bL.pkl,dataset/images/image_2017_05_19_14_30_00_cam_118bL.pkl,dataset/masks/image_2017_05_19_14_30_00_cam_118bL.pkl
315,image_2017_05_19_14_30_00_cam_120L.pkl,dataset/images/image_2017_05_19_14_30_00_cam_120L.pkl,dataset/masks/image_2017_05_19_14_30_00_cam_120L.pkl
